{
  "world": "world",
  "x": 4481.493636236182,
  "y": 63.0,
  "z": 7765.185590813939,
  "pitch": -4.084956,
  "yaw": 140.82944
}